Index,bilibili,weibo,zhihu,wx,douban,ximalaya
0,https://space.bilibili.com/13279707/dynamic,https://weibo.com/u/3201686133,https://www.zhihu.com/people/zui-shang-chuan-xia-shan,\,https://www.douban.com/link2/?url=https%3A%2F%2Fwww.douban.com%2Fpeople%2F221644459%2F&query=%E6%9C%80%E4%B8%8A%E5%B7%9D%E4%B8%8B%E5%B1%B1&cat_id=1005&type=search&pos=0,\
1,https://space.bilibili.com/81192/dynamic,https://weibo.com/577118726,https://www.zhihu.com/people/yu-zhen-73,http://mp.weixin.qq.com/s?__biz=MzU4OTk3NTg5OA==&mid=2247483993&idx=1&sn=cc7036fdce9ded04f642f368532a2be3&chksm=fdc41a6ccab3937a7dfc417290609be4e9d41281bdc138c7e714e0fbdab798a23d54000618f5#rd,\,\
2,\,https://weibo.com/LeeAJie,https://www.zhihu.com/people/liang-feng-you-xing-pang-ci,\,\,\
3,https://space.bilibili.com/397508/dynamic,https://weibo.com/u/5702565426,\,http://mp.weixin.qq.com/s?__biz=MzI1NDEyODM5Mw==&mid=2649584434&idx=1&sn=0bc138e7ebdc3d0c25d5dd52c9523d34&chksm=f1d02b54c6a7a242f6c3fa5edf89f6f0d58c27b081a252aa90cbd48c226088bbf906be1bd03a#rd,https://www.douban.com/link2/?url=https%3A%2F%2Fwww.douban.com%2Fpeople%2Fyangfeifanlove%2F&query=FLAY%E5%B7%A5%E4%BD%9C%E5%AE%A4&cat_id=1005&type=search&pos=0,\
4,https://space.bilibili.com/420182/dynamic,https://weibo.com/yigeyuyu,https://www.zhihu.com/people/yu-xiao-dong-96-23,http://mp.weixin.qq.com/s?__biz=MzIyNDc4MTc0OQ==&mid=2247484529&idx=1&sn=b380d9b9b8123258d6e66510d296ea37&chksm=e808f0abdf7f79bd425b03f91081c3cf7e0acba91d5caaff0e10d0643669cfd4e65d4e583c48#rd,\,\
5,https://space.bilibili.com/903988/dynamic,https://weibo.com/reActmuzi,https://www.zhihu.com/people/reactmu-zi,http://mp.weixin.qq.com/s?__biz=MzU5MDAyNDI4NQ==&mid=2247490346&idx=1&sn=b95ec36c9b1f85e5800deee94a0cdf8e&chksm=fdc5c018cab2490ec4204b321e8222e48ac15704b9d70a07d1294f08393887528ef2e1d354dc#rd,\,\
6,https://space.bilibili.com/216844/dynamic,https://weibo.com/836373219,https://www.zhihu.com/people/wan-ou-jun-60,http://mp.weixin.qq.com/s?__biz=MzI0MzU2MTc0NQ==&mid=2247485113&idx=1&sn=ed862faefa6ab77c196ecb7a9d0d1f63&chksm=e96a62c7de1debd104690db6ba2fe37f04f17fd888019ed1686029874db7c1a4a2d8f4dd29cf#rd,\,\
7,https://space.bilibili.com/7304857/dynamic,\,\,http://mp.weixin.qq.com/s?__biz=MzU1NjAwNjMxNA==&mid=2247483739&idx=1&sn=52d01b784c148f3851ed2b009a53de99&chksm=fbcaef9eccbd6688a57e85792acdbb0cafba911de967ec4938d9053c8f1de123337456af37ff#rd,\,\
8,https://space.bilibili.com/11253297/dynamic,https://weibo.com/DuoDuoPoi,\,http://mp.weixin.qq.com/s?__biz=MzA4NjI1MzgxNA==&mid=2247486410&idx=1&sn=35dbde489b460ceb3d37ae3edfde1cf1&chksm=9fcac253a8bd4b457fba49b424c0d91edfe4dd7d3d27f455c265032a2369e8319d169291a089#rd,\,\
9,\,\,https://www.zhihu.com/people/steins-32,http://mp.weixin.qq.com/s?__biz=MzI4NTg2ODY0NQ==&mid=2247484163&idx=1&sn=4b7770db693e30f025bfa83c0fc186e0&chksm=ebe4d409dc935d1f617ab0871f3a049dba66c2381a30e809db9d08a1f4ec1f1a2f1ff720d855#rd,\,\
10,https://space.bilibili.com/109407953/dynamic,\,\,http://mp.weixin.qq.com/s?__biz=MzA3OTkzMjQ5MQ==&mid=2247484017&idx=1&sn=110c2e13fbc84bfddf1e0cc5c336f640&chksm=9faabf55a8dd364304fe10ccb4a4fbfa6ed164d6c59b03cc839e94b8f4d999491a3f9e49934a#rd,\,\
11,\,https://weibo.com/freya2sakura,https://www.zhihu.com/people/shi-jie-di-yida-chi-yi,\,\,\
12,https://space.bilibili.com/6383474/dynamic,\,https://www.zhihu.com/people/xue-zhi-guang-ying,\,\,\
13,https://space.bilibili.com/2163754/dynamic,https://weibo.com/miyafaeramiril,\,\,\,\
14,https://space.bilibili.com/156619610/dynamic,\,https://www.zhihu.com/people/ni-gu-la-si-yan-kun-47,\,\,\
15,https://space.bilibili.com/99232216/dynamic,https://weibo.com/kudouconan,\,\,https://www.douban.com/link2/?url=https%3A%2F%2Fwww.douban.com%2Fpeople%2Fziyuzhilong7246%2F&query=LoveDream%E5%AD%97%E5%B9%95%E7%BB%84&cat_id=1005&type=search&pos=0,\
16,\,https://weibo.com/kamigamisub,https://www.zhihu.com/people/zhi-zhi-76-57,\,https://www.douban.com/link2/?url=https%3A%2F%2Fwww.douban.com%2Fpeople%2Fziyuzhilong7246%2F&query=%E8%AF%B8%E7%A5%9E%E5%AD%97%E5%B9%95%E7%BB%84&cat_id=1005&type=search&pos=0,\
17,https://space.bilibili.com/29338673/dynamic,https://weibo.com/cvbadou,https://www.zhihu.com/people/qia-qia-50-53-23,\,\,\
18,https://space.bilibili.com/151066/dynamic,https://weibo.com/u/3675513993,\,\,\,\
19,https://space.bilibili.com/315598657/dynamic,\,https://www.zhihu.com/people/xiao-ya-10-50,\,\,\
20,https://space.bilibili.com/8154993/dynamic,https://weibo.com/u/5533088778,\,\,\,\
21,https://space.bilibili.com/2643893/dynamic,https://weibo.com/vincentnaraku,\,\,\,\
22,https://space.bilibili.com/434207961/dynamic,https://weibo.com/guochuguo,https://www.zhihu.com/people/ling-mo-a-a-a,\,\,\
23,\,https://weibo.com/chinatourrc,https://www.zhihu.com/people/li-cha-de-ke-lai-de-man-79,\,\,\
24,https://space.bilibili.com/353230307/dynamic,https://weibo.com/u/6379063222,https://www.zhihu.com/people/13913455324,\,\,\
25,https://space.bilibili.com/321056219/dynamic,https://weibo.com/Ayasa123,\,\,\,\
26,https://space.bilibili.com/5055/dynamic,https://weibo.com/yukarinyan,https://www.zhihu.com/people/xi-huan-yang-er-de-zhi-he,\,\,https://www.ximalaya.com/zhubo/25258150
27,https://space.bilibili.com/1447574/dynamic,https://weibo.com/rluoshaoye,\,\,\,\
28,https://space.bilibili.com/436473455/dynamic,https://weibo.com/u/1672384324,https://www.zhihu.com/people/feng-ti-mo-73,\,\,\
29,https://space.bilibili.com/7068725/dynamic,https://weibo.com/xiaohunsoul,https://www.zhihu.com/people/xiao-hun-12,\,\,\
30,https://space.bilibili.com/22245135/dynamic,https://weibo.com/809470850,\,\,\,\
31,https://space.bilibili.com/284120/dynamic,https://weibo.com/marblue35,https://www.zhihu.com/people/chang-de-chou-bu-guai-wo,\,\,\
32,https://space.bilibili.com/11173348/dynamic,https://weibo.com/u/6586259756,\,\,\,\
33,https://space.bilibili.com/684169/dynamic,https://weibo.com/chalililili,https://www.zhihu.com/people/cha-li-li-li-zi-52,http://mp.weixin.qq.com/s?__biz=Mzg4MTQyNTczNg==&mid=2247483842&idx=1&sn=00e18a45ca77a010676828e2af4261b6&chksm=cf676de5f810e4f3c3d0c09e8844025b4db0b23f011f5b4f9c00ed5ba8cd3fcb2b5e0e801814#rd,\,\
34,https://space.bilibili.com/135217775/dynamic,https://weibo.com/u/6310890234,https://www.zhihu.com/people/qian-zhi-da-ren-54,http://mp.weixin.qq.com/s?__biz=MzI5Njc5NTE2NQ==&mid=2247484048&idx=1&sn=698926c4dbf37d7d919d5a0480e85a5a&chksm=ecbfafe2dbc826f4464f866d8d2689a75f07b2dba44d49c75226146f69713ad0dc9c40b306d3#rd,\,\
35,https://space.bilibili.com/15960317/dynamic,https://weibo.com/u/2161790361,https://www.zhihu.com/people/peng-peng-peng-peng-peng-7-69,http://mp.weixin.qq.com/s?__biz=MzUxNTgzNDI4Ng==&mid=2247483659&idx=1&sn=72f58f540eb914c1fe139b04cfc3a6e0&chksm=f9b1e9cacec660dc86cf4fe27abfb8d9c8da06f0023a581ad7b61ab8d3a59cf862e770c67037#rd,\,\
36,https://space.bilibili.com/534952028/dynamic,https://weibo.com/u/7021237404,\,\,\,\
37,https://space.bilibili.com/2451764/dynamic,https://weibo.com/u/6320351172,\,http://mp.weixin.qq.com/s?__biz=MzI5NDIyNzQyNQ==&mid=2247483652&idx=1&sn=b6f07b45d1182198b600d49738d81260&chksm=ec675d8adb10d49c6841cb6519fcd6f321152626d9994ea08bdd81a5f57a49284f904d1ca363#rd,\,\
38,https://space.bilibili.com/120586/dynamic,https://weibo.com/bilibilikws,\,http://mp.weixin.qq.com/s?__biz=MzAxMDQ5Njc2MQ==&mid=404051906&idx=1&sn=a336e5c0e5843ac9367879f05f6df41c&chksm=06ae885431d90142b2ea87d0a34662f78f0f4a615dfbdbd5e2b70517070ff975d4ddb8d57412#rd,\,\
39,https://space.bilibili.com/234782/dynamic,https://weibo.com/inory,https://www.zhihu.com/people/qi-inory-52,http://mp.weixin.qq.com/s?__biz=MzA4MzQyMjk5NA==&mid=211457673&idx=1&sn=5e442b7f538dd940788cac0b658e69fb&chksm=16988cf421ef05e28e4019d5f4e311fafc162b2eca39221a4ffde3e74eb3ca29b5a2dcd113f0#rd,\,\
40,https://space.bilibili.com/289887832/dynamic,\,https://www.zhihu.com/org/chi-ji-xiao-dui-29,http://mp.weixin.qq.com/s?__biz=MzU3OTQxMDM2MQ==&mid=2247483868&idx=1&sn=bfe7b318219b4a118b3168caf32da283&chksm=fd67c10aca10481c0285c0e87db6ea208847e7d0cb35e3bb0aa22a2f98703deeba629671e344#rd,\,\
41,https://space.bilibili.com/233108841/dynamic,https://weibo.com/fateGO,https://www.zhihu.com/people/feichenpanking,http://mp.weixin.qq.com/s?__biz=MzIyNjA5NjczMA==&mid=2648579683&idx=1&sn=1d21c011992172e84e53776ba774f20b&chksm=f05f1d56c72894406b0aa0d9643ad9a991533126dedca104a751ea7723e6a54ea2dee64107b5#rd,\,\
42,https://space.bilibili.com/43222001/dynamic,\,https://www.zhihu.com/people/qia-te-ya,http://mp.weixin.qq.com/s?__biz=MzAxMjgwMjE0Mg==&mid=2247494668&idx=1&sn=961dc02c4d1f470f4e3b0d7a9ddda5d2&chksm=9baeed3dacd9642b0dabd655b960c13eb0c96b0bc844c0ea1dc8803a0ab78c4db80b4ae1b96d#rd,\,\
43,https://space.bilibili.com/3353026/dynamic,https://weibo.com/u/2144983880,https://www.zhihu.com/people/kong-xuan-89,\,\,\
44,https://space.bilibili.com/473519710/dynamic,https://weibo.com/u/7306296315,\,http://mp.weixin.qq.com/s?__biz=MzIwOTg3NjYyNw==&mid=2247484693&idx=1&sn=b100e6270d6844ff2cf9b3e89437718d&chksm=976c66e9a01befff76ae042f3fe4ff9f2b3c4aee0004d1d3b6b6250afd5d135596f970e21401#rd,https://www.douban.com/link2/?url=https%3A%2F%2Fwww.douban.com%2Fpeople%2F180441686%2F&query=steam%E6%83%85%E6%8A%A5%E5%B1%80&cat_id=1005&type=search&pos=0,\
45,https://space.bilibili.com/5294454/dynamic,https://weibo.com/u/6156909375,\,\,https://www.douban.com/link2/?url=https%3A%2F%2Fwww.douban.com%2Fpeople%2F132942574%2F&query=%E9%80%97%E6%AF%94%E7%9A%84%E9%9B%80%E5%B7%A2&cat_id=1005&type=search&pos=0,\
46,https://space.bilibili.com/15037651/dynamic,\,https://www.zhihu.com/people/chimerajun-72,http://mp.weixin.qq.com/s?__biz=MjM5NDc4ODcwMw==&mid=2659989656&idx=1&sn=5048a8514569c0db9a1b2e26edc3ab8c&chksm=bdfafca88a8d75be4744efa0b29068026b19e6f1f242dc8705fe2fec7ed51ea80667de93612f#rd,\,\
47,https://space.bilibili.com/34646754/dynamic,\,https://www.zhihu.com/people/chen-mo-gua-yan-bai-he-chou,\,https://www.douban.com/link2/?url=https%3A%2F%2Fwww.douban.com%2Fpeople%2Fleslie0029%2F&query=%E6%B2%89%E9%BB%98%E5%AF%A1%E8%A8%80%E7%99%BD%E6%B2%B3%E6%84%81&cat_id=1005&type=search&pos=1,\
48,https://space.bilibili.com/441468144/dynamic,\,https://www.zhihu.com/people/chao-ji-shen-qi-de-mu-ou,\,\,\
49,https://space.bilibili.com/719238/dynamic,\,https://www.zhihu.com/people/gu-gu-yong-bu-gu-gu,http://mp.weixin.qq.com/s?__biz=MzU2Njk0NTk1MQ==&mid=2247483675&idx=1&sn=f3a6f4c23ed8847c5ce4cc560326c018&chksm=fca5f0ebcbd279fd8cfd279ecc6d832572432d308936d193e76ddf07764f112d81e768aeae82#rd,\,\
50,https://space.bilibili.com/235630215/dynamic,https://weibo.com/u/5428982095,https://www.zhihu.com/people/wang-dong-24-30,http://mp.weixin.qq.com/s?__biz=MzU2NzkxNzgwOA==&mid=2247483705&idx=1&sn=25bddea1cf569b664ab2f9a39f500445&chksm=fc94aca6cbe325b0d749c8066cf085b9927656a157322adaa0211403acf121a7fe40f68c2595#rd,\,\
51,https://space.bilibili.com/35304890/dynamic,https://weibo.com/u/2674487092,\,\,\,\
52,https://space.bilibili.com/19738891/dynamic,https://weibo.com/u/5499581287,https://www.zhihu.com/people/suchbily,\,\,\
53,https://space.bilibili.com/617285/dynamic,\,https://www.zhihu.com/people/mang-guo-bing-ol,\,https://www.douban.com/link2/?url=https%3A%2F%2Fwww.douban.com%2Fpeople%2FGGGGGGGGGGGGG%2F&query=%E8%8A%92%E6%9E%9C%E5%86%B0OL&cat_id=1005&type=search&pos=0,\
54,https://space.bilibili.com/57863910/dynamic,https://weibo.com/heromoba,https://www.zhihu.com/org/wang-zhe-rong-yao-74-54,http://mp.weixin.qq.com/s?__biz=MzIwMTI1OTI3MA==&mid=2840489904&idx=1&sn=0f8493d8175dee2353ad40724b841385&chksm=ba4a6fd98d3de6cf90711592a4e72bd56322cb522581c78e15b020ad18d91446bd69115f823c#rd,\,https://www.ximalaya.com/zhubo/93455146
55,https://space.bilibili.com/322892/dynamic,https://weibo.com/93yadashi,https://www.zhihu.com/people/yang-ju-chang-68,\,\,\
56,https://space.bilibili.com/43419575/dynamic,https://weibo.com/WindGrin,https://www.zhihu.com/people/renao233,\,\,\
57,https://space.bilibili.com/125526/dynamic,https://weibo.com/u/3608268421,https://www.zhihu.com/people/lks-96-85,http://mp.weixin.qq.com/s?__biz=MzAxNTEwNjc5Nw==&mid=2649481131&idx=1&sn=7bf2c52cef3db3c479ea0f3b4c44029e&chksm=83966829b4e1e13f51dec92bbd9c2334dc8b55d0607ed8a7b436064237291b8b477d76edd494#rd,\,\
58,https://space.bilibili.com/37946996/dynamic,\,https://www.zhihu.com/people/shou-hu-cha-cha-72,http://mp.weixin.qq.com/s?__biz=MzI3NTI2Mzc4OA==&mid=2247484084&idx=1&sn=979c07e94932148e8755516cdfbddbae&chksm=eb063af7dc71b3e177675b7f1909aa0468fc76a3f7972a52dd938eea5d9ff750832326a49b52#rd,\,\
59,https://space.bilibili.com/129240403/dynamic,\,https://www.zhihu.com/people/ran-cha-ge-ge-zai-ci,\,\,\
60,https://space.bilibili.com/481393564/dynamic,\,https://www.zhihu.com/people/ding-ding-dingtalk-26,http://mp.weixin.qq.com/s?__biz=MzU3ODY3MTkzNA==&mid=2247483828&idx=1&sn=85ee6d4af902a5d730a4bdfcffb98628&chksm=fd7085e5ca070cf34d2f2e42dfa8f13785d123d775ed3f8f2673e968b52ee735e63aec1a9f02#rd,\,\
61,https://space.bilibili.com/402574397/dynamic,\,\,http://mp.weixin.qq.com/s?__biz=MzAwMzY3NDAzOQ==&mid=2247483693&idx=1&sn=a2845d90d25d41bba49c109b3d6b861e&chksm=9b36dbf5ac4152e39ccf1598c730884ffe64c071cb8089ea1d38153efb0c36636c46c176d073#rd,\,\
62,https://space.bilibili.com/57863910/dynamic,https://weibo.com/heromoba,\,http://mp.weixin.qq.com/s?__biz=MzIwMTI1OTI3MA==&mid=2840489904&idx=1&sn=0f8493d8175dee2353ad40724b841385&chksm=ba4a6fd98d3de6cf90711592a4e72bd56322cb522581c78e15b020ad18d91446bd69115f823c#rd,\,https://www.ximalaya.com/zhubo/93455146
63,https://space.bilibili.com/322892/dynamic,https://weibo.com/93yadashi,https://www.zhihu.com/people/yang-ju-chang-68,\,\,\
64,https://space.bilibili.com/43419575/dynamic,https://weibo.com/WindGrin,https://www.zhihu.com/people/renao233,\,\,\
65,https://space.bilibili.com/125526/dynamic,https://weibo.com/u/3608268421,\,http://mp.weixin.qq.com/s?__biz=MzAxNTEwNjc5Nw==&mid=2649481131&idx=1&sn=7bf2c52cef3db3c479ea0f3b4c44029e&chksm=83966829b4e1e13f51dec92bbd9c2334dc8b55d0607ed8a7b436064237291b8b477d76edd494#rd,\,\
66,https://space.bilibili.com/37946996/dynamic,https://weibo.com/u/2535239630,https://www.zhihu.com/people/shou-hu-cha-cha-72,http://mp.weixin.qq.com/s?__biz=MzI3NTI2Mzc4OA==&mid=2247484084&idx=1&sn=979c07e94932148e8755516cdfbddbae&chksm=eb063af7dc71b3e177675b7f1909aa0468fc76a3f7972a52dd938eea5d9ff750832326a49b52#rd,\,\
67,https://space.bilibili.com/129240403/dynamic,https://weibo.com/u/6800185929,https://www.zhihu.com/people/ran-cha-ge-ge-zai-ci,\,\,\
68,https://space.bilibili.com/481393564/dynamic,https://weibo.com/u/6624652035,https://www.zhihu.com/people/ding-ding-dingtalk-26,http://mp.weixin.qq.com/s?__biz=MzU3ODY3MTkzNA==&mid=2247483828&idx=1&sn=85ee6d4af902a5d730a4bdfcffb98628&chksm=fd7085e5ca070cf34d2f2e42dfa8f13785d123d775ed3f8f2673e968b52ee735e63aec1a9f02#rd,\,\
69,https://space.bilibili.com/402574397/dynamic,https://weibo.com/u/7435937730,https://www.zhihu.com/people/ig-nb-71,http://mp.weixin.qq.com/s?__biz=MzAwMzY3NDAzOQ==&mid=2247483693&idx=1&sn=a2845d90d25d41bba49c109b3d6b861e&chksm=9b36dbf5ac4152e39ccf1598c730884ffe64c071cb8089ea1d38153efb0c36636c46c176d073#rd,\,\
70,\,https://weibo.com/u/2342848315,\,http://mp.weixin.qq.com/s?__biz=MzIwNzc5MTQxMw==&mid=2247494206&idx=1&sn=ba0b84ced936cff564fbfaeaa18c74a0&chksm=970e5e64a079d77280fa95a884f0b690f9b5a81731d627e4ff097d57784b11fc23fef396f2bb#rd,\,\
71,https://space.bilibili.com/21031789/dynamic,https://weibo.com/u/2718604160,https://www.zhihu.com/people/wang-ni-ma-94,http://mp.weixin.qq.com/s?__biz=MzI2MzU4NDg0NA==&mid=2247518836&idx=1&sn=0ac10dfcab6c90cd8e0bbf14951bf560&chksm=eabb6757ddccee41a30258ba3c7edb610950efc27f3d6ae0bf18a304580ca34e5829dc509bde#rd,https://www.douban.com/link2/?url=https%3A%2F%2Fwww.douban.com%2Fpeople%2F55336011%2F&query=%E7%8E%8B%E5%B0%BC%E7%8E%9B&cat_id=1005&type=search&pos=0,\
72,https://space.bilibili.com/416128940/dynamic,https://weibo.com/u/7090294298,\,\,\,\
73,https://space.bilibili.com/99157282/dynamic,https://weibo.com/u/6190030326,https://www.zhihu.com/people/daoyueshe,http://mp.weixin.qq.com/s?__biz=MzU1MjA4MDczMg==&mid=2247486175&idx=1&sn=800d298d8f607d90d6dcd9bcab3c0ed3&chksm=fb86ceecccf147fa6cbe0a5cb0532b2fb8638017935e0fbb1b61accb39367404b7db8e04fed0#rd,\,\
74,https://space.bilibili.com/3066511/dynamic,\,https://www.zhihu.com/people/te-xiao-xiao-ge,\,\,\
75,https://space.bilibili.com/511976883/dynamic,\,\,http://mp.weixin.qq.com/s?__biz=MzI3Njc1NTU3MQ==&mid=2247484479&idx=1&sn=35b16461c227de7d6ecee935c9a78618&chksm=eb71e123dc0668356603f890e7d9291809b063241646b6fa3e810a72c7391c645ed7a445518a#rd,\,\
76,https://space.bilibili.com/26366366/dynamic,https://weibo.com/bilibilibml,https://www.zhihu.com/people/bilibilihuo-dong-ji,http://mp.weixin.qq.com/s?__biz=MjM5ODM3MTUwMA==&mid=2650816941&idx=1&sn=4f4999522ebd40f13cf4f5e1108abebf&chksm=bd3f286e8a48a178e3f4f547ea7a7264af674007fd729fbe3d8c596470ee82273540b34f8876#rd,https://www.douban.com/link2/?url=https%3A%2F%2Fwww.douban.com%2Fpeople%2F140633240%2F&query=%E5%93%94%E5%93%A9%E5%93%94%E5%93%A9%E6%B4%BB%E5%8A%A8&cat_id=1005&type=search&pos=1,\
77,https://space.bilibili.com/6574487/dynamic,https://weibo.com/u/6408705553,https://www.zhihu.com/people/wen-sen-te-95-79,http://mp.weixin.qq.com/s?__biz=MzU2Njc5NzA0MQ==&mid=2247483659&idx=1&sn=eaf310bf7167dbd226c0401b2ed2b2b6&chksm=fca7b695cbd03f832e60e114ec2c365285eec3f68e4ee4155b3351cce5150eef04715fa41ae5#rd,\,\
78,https://space.bilibili.com/9617619/dynamic,https://weibo.com/u/5245903632,https://www.zhihu.com/people/reseted1527068625716,http://mp.weixin.qq.com/s?__biz=MzIxMTIzMjY4NQ==&mid=2651931170&idx=1&sn=fc17c9b130f74a33b702e142742b2382&chksm=8cbd90e0bbca19f6207bf8d8e8c93be25e55766313aba259fe5624d09e1c935728c096111061#rd,https://www.douban.com/link2/?url=https%3A%2F%2Fwww.douban.com%2Fpeople%2F140633240%2F&query=%E5%93%94%E5%93%A9%E5%93%94%E5%93%A9%E7%9B%B4%E6%92%AD&cat_id=1005&type=search&pos=1,\
79,https://space.bilibili.com/36149790/dynamic,https://weibo.com/T8288,https://www.zhihu.com/people/cocomen,\,\,\
80,https://space.bilibili.com/32820037/dynamic,https://weibo.com/u/6023864410,https://www.zhihu.com/org/wai-guo-ren-yan-jiu-xie-hui-73,http://mp.weixin.qq.com/s?__biz=MzAwMzEwODQwMw==&mid=2654387849&idx=1&sn=e22591c1de8337f03e003a2b2505c4df&chksm=810225d5b675acc36b8f91e508006db7ad3c69ebd601cadbc1df58d00d368acd252f76a761bb#rd,https://www.douban.com/link2/?url=https%3A%2F%2Fwww.douban.com%2Fpeople%2F186428968%2F&query=%E6%AD%AA%E6%9E%9C%E4%BB%81%E7%A0%94%E7%A9%B6%E5%8D%8F%E4%BC%9A&cat_id=1005&type=search&pos=0,\
81,https://space.bilibili.com/25807917/dynamic,https://weibo.com/afunews,\,\,\,\
82,https://space.bilibili.com/26023642/dynamic,https://weibo.com/bigxiaogf,\,http://mp.weixin.qq.com/s?__biz=MzA3NTIwMTAwNA==&mid=2651017691&idx=1&sn=0a08789990fae37baca2895e50320e5f&chksm=8483d158b3f4584edcbe39318306083322c5c82516f382a6c0720c93d7d75ac97be18d6f2fb7#rd,\,\
83,https://space.bilibili.com/284424/dynamic,https://weibo.com/xiaoxiongshenshi,https://www.zhihu.com/people/xiao-xiong-shen-shi,\,\,\
84,https://space.bilibili.com/250111460/dynamic,https://weibo.com/u/5679463617,https://www.zhihu.com/people/zha-bi-xiao-xun-29,\,\,https://www.ximalaya.com/zhubo/183519999
85,https://space.bilibili.com/327750329/dynamic,https://weibo.com/u/6841483092,https://www.zhihu.com/people/cheng-wu-you-34,http://mp.weixin.qq.com/s?__biz=MzU4MTUxOTk0Mg==&mid=2247490273&idx=1&sn=f68505bc47a8683bd862be79f8127a68&chksm=fd4705c8ca308cde2dc53eba3248e957912c3a46a8ba2a891d442b8a53a81a85c5539788cfa4#rd,\,\
86,https://space.bilibili.com/241832237/dynamic,https://weibo.com/serafina0620,https://www.zhihu.com/people/zhang-nan-nan-3-10,\,\,\
87,https://space.bilibili.com/95494347/dynamic,https://weibo.com/u/1936989767,https://www.zhihu.com/people/hen-du-nu-hai-money,http://mp.weixin.qq.com/s?__biz=Mzg4NDU0MTE2NA==&mid=2247483650&idx=1&sn=4f3fccf2b769cc9ca472633b9ed1bc81&chksm=cfb7d281f8c05b974a29b39b8d84c968940d0f814729e752bc8f00aaf3b6cd8b944f3aa1fadf#rd,\,\
88,https://space.bilibili.com/450595813/dynamic,\,\,http://mp.weixin.qq.com/s?__biz=MzAxODM2MDM5MQ==&mid=2659097865&idx=1&sn=16c6ae7a8227dc659b33435a5453c2b4&chksm=805d4c21b72ac537e257c67a840514a5725108c3429f997f4c0e7f06a72675a78561227aeb2c#rd,\,\
89,https://space.bilibili.com/11025317/dynamic,https://weibo.com/u/6791429449,\,http://mp.weixin.qq.com/s?__biz=MzU3MDkwMzg1Mg==&mid=2247483775&idx=1&sn=b059040051e41241f23350bd34645f21&chksm=fce91d3ccb9e942aecce1615257f5ba5696e6c623b40a046299b9c5355e7c8bfbc312777cbfe#rd,https://www.douban.com/link2/?url=https%3A%2F%2Fwww.douban.com%2Fpeople%2F211633334%2F&query=%E6%96%91%E9%B8%A0%E5%BF%83%E5%B9%B3%E6%B0%94%E5%92%8Ceveryday&cat_id=1005&type=search&pos=0,\
90,https://space.bilibili.com/466272/dynamic,https://weibo.com/dzwlhlhlh,https://www.zhihu.com/people/ji-zhi-de-dang-mei-6,http://mp.weixin.qq.com/s?__biz=MzkzNzE4NzMwMA==&mid=2247483672&idx=1&sn=be1789e4c1888b40a027951679966987&chksm=c2920393f5e58a850b14346c84168100a824789b43e3f955acba26fa7c3f93583ed32f1d920a#rd,\,\
91,https://space.bilibili.com/26253404/dynamic,https://weibo.com/u/2831094660,\,http://mp.weixin.qq.com/s?__biz=MzI4MjQxNDk0Ng==&mid=2247485353&idx=1&sn=29e63aa6effcc0472aad54d10077307e&chksm=eb9b1da4dcec94b2d7425acddf9dd54aca5961c6610203f21c6a5f5b8b0c75f890d99abfd485#rd,\,\
92,\,https://weibo.com/aprilhan4,https://www.zhihu.com/people/mo-li-hua-xiao-jie-95,\,\,\
93,https://space.bilibili.com/34804756/dynamic,https://weibo.com/u/1780291857,\,http://mp.weixin.qq.com/s?__biz=MzI0MjA4OTE4OA==&mid=2648381052&idx=1&sn=ae98a6c28ce808f32cec4d0350014dd8&chksm=f12e1bf7c65992e1f137091593242f41fe88d6a3538f448d93bcdf4aa9b6c97f9e9ce1f00317#rd,\,\
94,https://space.bilibili.com/291945385/dynamic,https://weibo.com/u/3793748881,\,http://mp.weixin.qq.com/s?__biz=MzU1OTAxNzY4NA==&mid=2247484627&idx=1&sn=fef8bbedfe7751cc8eef27a85183ab30&chksm=fc1cff68cb6b767e2af12cfffee6329fec19525ec9dc00d76dac1e2d62fa8e2ca5f2056dbca6#rd,https://www.douban.com/link2/?url=https%3A%2F%2Fwww.douban.com%2Fpeople%2F46665551%2F&query=%E6%B5%B7%E6%B4%8B%E9%A5%BC%E5%B9%B2Sophie&cat_id=1005&type=search&pos=0,\
95,https://space.bilibili.com/17075276/dynamic,https://weibo.com/u/1751044680,https://www.zhihu.com/people/nicolemakeup,http://mp.weixin.qq.com/s?__biz=MzIzNzU1OTE5Mg==&mid=2247580576&idx=1&sn=ed58ec8d1a015e941a7647bd6ad14269&chksm=e8c53757dfb2be41c402b4464958d8750fdea21bc9a1aa7e21f3de9c107e01da02ecc83bb3b3#rd,\,\
96,https://space.bilibili.com/344447169/dynamic,\,https://www.zhihu.com/people/qian-jin-51-10,http://mp.weixin.qq.com/s?__biz=MzI1MzEzMDcyMw==&mid=2650649300&idx=1&sn=680848edd6a1b92907d2b144a4f3a78b&chksm=f1d03058c6a7b94ee59d28d69c4e05e09488bdbc68416963d46997bd13b18d23bcf1755b3581#rd,\,\
97,https://space.bilibili.com/6229277/dynamic,https://weibo.com/u/1785000555,\,http://mp.weixin.qq.com/s?__biz=MzI5MTEzMzI4NQ==&mid=2247484338&idx=1&sn=aa1329177bf7ba48eb70a4d20b67a15d&chksm=ec1401b8db6388ae18293d8fdcccf3f50c4d4803d195a412933fc64834c237f3c13a0f7826b4#rd,\,\
98,https://space.bilibili.com/10009492/dynamic,https://weibo.com/gaulis,https://www.zhihu.com/people/cao-lu-61-95,http://mp.weixin.qq.com/s?__biz=MzUyNzY2MTcyOA==&mid=2247483760&idx=1&sn=4cb01ce84b30883cb474b96338b05843&chksm=fa7d6ebfcd0ae7a977a3eef841989eb268c028f69387385577035005f9825c83bb1ff9ae0ebf#rd,\,\
99,https://space.bilibili.com/95083523/dynamic,https://weibo.com/nowfitness,https://www.zhihu.com/people/nowfitness,\,\,\
100,\,https://weibo.com/u/5662108629,https://www.zhihu.com/people/sun-shen-shen-84,\,\,\
101,https://space.bilibili.com/265578856/dynamic,https://weibo.com/u/1797274630,https://www.zhihu.com/people/tinafever,\,https://www.douban.com/link2/?url=https%3A%2F%2Fwww.douban.com%2Fpeople%2F225086662%2F&query=%E5%8F%AB%E6%88%91tina%E5%B0%8F%E5%A7%90%E5%A7%90&cat_id=1005&type=search&pos=0,\
102,https://space.bilibili.com/10949920/dynamic,https://weibo.com/u/3138204554,https://www.zhihu.com/people/hai-nan-rex,\,\,\
103,https://space.bilibili.com/20303408/dynamic,https://weibo.com/zhuyilongty,\,\,\,https://www.ximalaya.com/zhubo/76762847
104,https://space.bilibili.com/7441279/dynamic,https://weibo.com/shenbibi,\,\,https://www.douban.com/link2/?url=https%3A%2F%2Fwww.douban.com%2Fpeople%2Fziyuzhilong7246%2F&query=%E7%A5%9E%E5%8F%A8%E5%AD%97%E5%B9%95%E7%BB%84&cat_id=1005&type=search&pos=0,\
105,https://space.bilibili.com/8853065/dynamic,https://weibo.com/u/1273784405,\,\,\,\
106,https://space.bilibili.com/3345720/dynamic,https://weibo.com/u/6468326998,\,\,\,\
107,https://space.bilibili.com/439060660/dynamic,https://weibo.com/u/1730330447,https://www.zhihu.com/people/wang-zu-lan-41,\,\,\
108,\,https://weibo.com/u/5653796775,https://www.zhihu.com/people/li-xiao-57-82,\,\,\
109,\,\,https://www.zhihu.com/people/maxwell-67-6,\,https://www.douban.com/link2/?url=https%3A%2F%2Fwww.douban.com%2Fpeople%2FIWillFindYou%2F&query=All_about_%E8%A7%89%E9%86%92%E4%B8%9C%E6%96%B9&cat_id=1005&type=search&pos=0,\
110,https://space.bilibili.com/515015078/dynamic,\,https://www.zhihu.com/people/bei-er-ge-li-er-si-4-38,\,\,\
111,https://space.bilibili.com/762048/dynamic,https://weibo.com/u/2629068541,https://www.zhihu.com/people/san-si-you-zai-san-si,\,\,\
112,https://space.bilibili.com/142371069/dynamic,\,https://www.zhihu.com/people/hen-ji-piao-liu,\,https://www.douban.com/link2/?url=https%3A%2F%2Fwww.douban.com%2Fpeople%2Ftotorototo%2F&query=%E7%B1%B3%E5%9B%BD%E8%84%B1%E5%8F%A3%E7%A7%80&cat_id=1005&type=search&pos=0,\
113,\,https://weibo.com/u/6153315572,https://www.zhihu.com/people/han-shu-tv,\,\,\
114,\,https://weibo.com/234780860,https://www.zhihu.com/people/cao-jing-song-26,\,\,\
115,https://space.bilibili.com/10752758/dynamic,\,https://www.zhihu.com/people/tt1-23,\,https://www.douban.com/link2/?url=https%3A%2F%2Fwww.douban.com%2Fpeople%2F59285932%2F&query=%E5%BC%80%E9%A3%9E%E6%9C%BA%E7%9A%84%E5%B7%A1%E6%9F%A5%E5%8F%B8&cat_id=1005&type=search&pos=0,\
116,https://space.bilibili.com/10949920/dynamic,https://weibo.com/u/3138204554,https://www.zhihu.com/people/hai-nan-rex,http://mp.weixin.qq.com/s?__biz=MzI3MzI3MzU5Mw==&mid=2247483914&idx=1&sn=fce678d6a2fb799a3a36682c43b9de2c&chksm=eb24859cdc530c8a594b20c0291bde46f9bec87fa9f7e9e6e8570a8ebb96acf13a104cc181f1#rd,\,\
117,\,https://weibo.com/FSOGFANSUB,\,http://mp.weixin.qq.com/s?__biz=MzIzMTU2MDIwMw==&mid=2247497334&idx=1&sn=02cb3ed5e4b1f4f605ab0c0be6d617d1&chksm=e8a0f312dfd77a048b5f450c7c55bc9bf42ad542dbe37bbe2b66b663620791682759b14f35d5#rd,\,\
118,https://space.bilibili.com/20303408/dynamic,https://weibo.com/zhuyilongty,\,http://mp.weixin.qq.com/s?__biz=MzI4MzY3MTg1Mg==&mid=2247496856&idx=1&sn=1fb3d15b7325d337c8c89edbf37600a1&chksm=eb8598dbdcf211cddffa6e2b96dbba480a0431e562e612bc41f869f43add3dbad9098420cc6a#rd,\,https://www.ximalaya.com/zhubo/76762847
119,https://space.bilibili.com/7441279/dynamic,https://weibo.com/shenbibi,https://www.zhihu.com/people/yang-di-26-29,http://mp.weixin.qq.com/s?__biz=MzI5NDMxNDEzMg==&mid=2247485499&idx=1&sn=f1df2caf56817dfd8839441fe6399c00&chksm=ec6581c0db1208d65ebd9a57c5f6d1f79b4de404f4b3cadc0ecca4f667652f0328c2329eb609#rd,https://www.douban.com/link2/?url=https%3A%2F%2Fwww.douban.com%2Fpeople%2Fziyuzhilong7246%2F&query=%E7%A5%9E%E5%8F%A8%E5%AD%97%E5%B9%95%E7%BB%84&cat_id=1005&type=search&pos=0,\
120,\,\,https://www.zhihu.com/people/er-xi-62-6,http://mp.weixin.qq.com/s?__biz=MzI0NzcyMzUwMw==&mid=2247491074&idx=1&sn=0f0f655fbce5e9cb9d7c8b14cc8dc6ea&chksm=e9aafa82dedd7394b649489b283bb8c8f5348e2a5325aa3fb349b7d657d04d321800cd59e955#rd,\,\
121,https://space.bilibili.com/8853065/dynamic,https://weibo.com/u/1273784405,\,\,\,\
122,https://space.bilibili.com/3345720/dynamic,https://weibo.com/u/6468326998,https://www.zhihu.com/people/mantica,http://mp.weixin.qq.com/s?__biz=MzAxNzkxNDg0Mg==&mid=2247483696&idx=1&sn=9766c8c6e5e45f8dcd7de0fb71abaeaf&chksm=9bdf0f85aca886938177f1b4173f266a03700c40e5838c63424a30dd2d0ddb481119f9aa3a17#rd,\,\
123,https://space.bilibili.com/439060660/dynamic,https://weibo.com/u/1730330447,https://www.zhihu.com/people/wang-zu-lan-41,http://mp.weixin.qq.com/s?__biz=MzIyNzE0Nzk1Mw==&mid=2654831990&idx=1&sn=80d46f0f8b60b458c1e79d7261a2371c&chksm=f3ac8ca8c4db05be2478e5778623ceade3e239eb86a0f9a487412f9b60506a04301e35839bdd#rd,\,\
124,\,https://weibo.com/u/5653796775,https://www.zhihu.com/people/li-xiao-57-82,http://mp.weixin.qq.com/s?__biz=MzI1ODE4NzI3MQ==&mid=2651629373&idx=1&sn=e4ce52662c6a0094e1f5bbe03c9a69a1&chksm=f1f40e55c68387431bc73361ea95e784dbb4f41367fe093313c0787960f90b1f606d1289097d#rd,\,\
125,\,\,https://www.zhihu.com/people/maxwell-67-6,http://mp.weixin.qq.com/s?__biz=MzAwMTU0NDU2MQ==&mid=2456338898&idx=1&sn=50ac9afda183c9cebd4a1bf88163d596&chksm=8d4479ccba33f0dace64ef33f3060b4d9c77104f1ab66c4b77b2358a767b571624abb15cbd79#rd,https://www.douban.com/link2/?url=https%3A%2F%2Fwww.douban.com%2Fpeople%2FIWillFindYou%2F&query=All_about_%E8%A7%89%E9%86%92%E4%B8%9C%E6%96%B9&cat_id=1005&type=search&pos=0,\
126,https://space.bilibili.com/515015078/dynamic,https://weibo.com/beargryllsinchina,https://www.zhihu.com/people/bei-er-ge-li-er-si-4-38,http://mp.weixin.qq.com/s?__biz=MzAwOTIyMDg2OA==&mid=2450057898&idx=1&sn=91f42ac7dd9eadd324cde842555c97ea&chksm=8c9eacc1bbe925d764ce41e7290b6250f5b6399fa91d7577663fa942cf989eaf451b2d0afa10#rd,\,\
127,https://space.bilibili.com/762048/dynamic,https://weibo.com/u/2629068541,https://www.zhihu.com/people/san-si-you-zai-san-si,http://mp.weixin.qq.com/s?__biz=MzU0NzgxMjI4Ng==&mid=2247494425&idx=1&sn=a400aa98861d389e5942fcd66c25e9f1&chksm=fb4a0dc8cc3d84dea49baa620127de0e5b559536827e44926410f21f824fb3e373cbf68d6684#rd,\,\
128,\,https://weibo.com/u/6153315572,https://www.zhihu.com/people/han-shu-tv,http://mp.weixin.qq.com/s?__biz=MzI0MTg5NTgzNw==&mid=2247484219&idx=1&sn=fa5f0785a6c46878588853ce6e3d9134&chksm=e905d3c9de725adf94e6542468aa949b74a313f08d30ef3140f1a10ce73e42c6d7687900e387#rd,\,\
129,\,https://weibo.com/u/1603001603,https://www.zhihu.com/people/wu-li-dan-39-39,\,\,\
130,\,https://weibo.com/u/6128506946,https://www.zhihu.com/people/cao-jing-song-26,http://mp.weixin.qq.com/s?__biz=MzI2NTA1NjY3Mg==&mid=2649230931&idx=1&sn=9eba506fb150a17dbe389288b7981404&chksm=f2bf969cc5c81f8a0f883262404ac4935021b805fd37c8860beec2a117f5a9e663e727773522#rd,\,\
131,\,https://weibo.com/xingshidaitianlang,https://www.zhihu.com/people/zeengong,http://mp.weixin.qq.com/s?__biz=MzIyOTI1MzIyMQ==&mid=2650895750&idx=1&sn=07f18a6e230a85ca5eebcdee42b21c70&chksm=f3b05c8cc4c7d59aa7eb9fb71abd4a663db6c5d1dc891f19b19c362552a15f3a47da9cf1b61b#rd,\,\
132,https://space.bilibili.com/10752758/dynamic,\,https://www.zhihu.com/people/tt1-23,\,https://www.douban.com/link2/?url=https%3A%2F%2Fwww.douban.com%2Fpeople%2F59285932%2F&query=%E5%BC%80%E9%A3%9E%E6%9C%BA%E7%9A%84%E5%B7%A1%E6%9F%A5%E5%8F%B8&cat_id=1005&type=search&pos=0,\
133,\,\,https://www.zhihu.com/people/bao-zou-de-lao-die,http://mp.weixin.qq.com/s?__biz=MzU0MTcxNzkzNA==&mid=2247483715&idx=1&sn=9b5c35790b99ea449e2ab92883932746&chksm=fb24e582cc536c94ae59574eb69960fe18c761d3fb2cce8656f962f61cd8f4347a2b23d817d5#rd,\,\
134,https://space.bilibili.com/108527770/dynamic,https://weibo.com/u/6260527621,https://www.zhihu.com/org/shao-shu-pai-46,http://mp.weixin.qq.com/s?__biz=MzU4Mjg3MDAyMQ==&mid=2247507756&idx=1&sn=514d6b0455621a6ba844eee298b54ca0&chksm=fdb32a46cac4a350f5afd7ba4c1f7837808f9b1f4ec80839ee3a00f986cddd1a63443d043d02#rd,https://www.douban.com/link2/?url=https%3A%2F%2Fwww.douban.com%2Fpeople%2Fjamesma%2F&query=%E5%B0%91%E6%95%B0%E6%B4%BETI&cat_id=1005&type=search&pos=0,\
135,https://space.bilibili.com/6545773/dynamic,\,\,http://mp.weixin.qq.com/s?__biz=MzI1ODU2NjMxNw==&mid=2247485456&idx=1&sn=fb0e409db050a1738d9f857fa743e590&chksm=ea0779d2dd70f0c4ea74b25d604d9b3e0bdefb82af598ed360425a2b9b11346a41915a869408#rd,\,\
136,\,\,\,http://mp.weixin.qq.com/s?__biz=MzU4NTAzNzcwMQ==&mid=2247484912&idx=1&sn=290bbec055bb55f78f37c0c1d240891c&chksm=fd91e71acae66e0cfd09bbf675288ca10be28fab80512f371070fc1a4e10851e5ef1df9b589e#rd,https://www.douban.com/link2/?url=https%3A%2F%2Fwww.douban.com%2Fpeople%2F145923501%2F&query=%E6%88%91%E6%83%B3%E8%A6%81%E8%B5%A2%E5%95%8A%E5%95%8A%E5%95%8A&cat_id=1005&type=search&pos=0,\
137,https://space.bilibili.com/15773384/dynamic,https://weibo.com/u/6692003410,\,http://mp.weixin.qq.com/s?__biz=MjM5ODM3MTUwMA==&mid=2650816941&idx=1&sn=4f4999522ebd40f13cf4f5e1108abebf&chksm=bd3f286e8a48a178e3f4f547ea7a7264af674007fd729fbe3d8c596470ee82273540b34f8876#rd,\,\
